beat,r_peak,r_peak_s,p_onset,p_offset,t_onset,t_offset,p_onset_s,p_offset_s,t_onset_s,t_offset_s
0,143,0.572,84,105,160,168,0.336,0.42,0.64,0.672
1,347,1.388,306,318,,,1.224,1.272,,
2,537,2.148,494,506,585,590,1.976,2.024,2.34,2.36
3,720,2.88,674,681,752,760,2.696,2.724,3.008,3.04
4,910,3.64,855,869,957,972,3.42,3.476,3.828,3.888
5,1098,4.392,1039,1060,1127,1131,4.156,4.24,4.508,4.524
6,1296,5.184,1255,1265,1315,1318,5.02,5.06,5.26,5.272
7,1501,6.004,1458,1469,1548,1557,5.832,5.876,6.192,6.228
8,1697,6.788,1655,1668,1731,1736,6.62,6.672,6.924,6.944
9,1890,7.56,1848,1859,1969,1973,7.392,7.436,7.876,7.892
10,2078,8.312,2039,2049,2118,2127,8.156,8.196,8.472,8.508
11,2271,9.084,2232,2236,2311,2319,8.928,8.944,9.244,9.276
12,2459,9.836,2413,2419,2481,2489,9.652,9.676,9.924,9.956
13,2645,10.58,2605,2615,2687,2694,10.42,10.46,10.748,10.776
14,2841,11.364,2799,2810,2860,2873,11.196,11.24,11.44,11.492
15,3047,12.188,3007,3016,3086,3094,12.028,12.064,12.344,12.376
16,3239,12.956,3198,3210,3261,3265,12.792,12.84,13.044,13.06
17,3425,13.7,3382,3385,3469,3474,13.528,13.54,13.876,13.896
18,3607,14.428,3549,3568,3637,3644,14.196,14.272,14.548,14.576
19,3783,15.132,3729,3744,3827,3836,14.916,14.976,15.308,15.344
20,3962,15.848,3923,3932,3978,3988,15.692,15.728,15.912,15.952
21,4144,16.576,4106,4115,4170,4178,16.424,16.46,16.68,16.712
22,4326,17.304,4283,4291,4353,4357,17.132,17.164,17.412,17.428
23,4510,18.04,4469,4479,4524,4532,17.876,17.916,18.096,18.128
24,4694,18.776,4652,4663,4777,4786,18.608,18.652,19.108,19.144
25,4884,19.536,4841,4851,4970,4982,19.364,19.404,19.88,19.928
26,5062,20.248,5021,5032,5100,5111,20.084,20.128,20.4,20.444
27,5228,20.912,5191,5199,5312,5320,20.764,20.796,21.248,21.28
28,5398,21.592,5360,5372,5432,5440,21.44,21.488,21.728,21.76
29,5573,22.292,5534,5546,5653,5662,22.136,22.184,22.612,22.648
30,5750,23.0,5707,5716,5779,5783,22.828,22.864,23.116,23.132
31,5929,23.716,5886,5896,5953,5962,23.544,23.584,23.812,23.848
32,6112,24.448,6070,6080,6125,6132,24.28,24.32,24.5,24.528
33,6291,25.164,6253,6262,6316,6324,25.012,25.048,25.264,25.296
34,6463,25.852,6423,6432,6487,6490,25.692,25.728,25.948,25.96
35,6635,26.54,6595,6607,6653,6662,26.38,26.428,26.612,26.648
36,6809,27.236,6770,6778,6825,6834,27.08,27.112,27.3,27.336
37,6982,27.928,6943,6954,7025,7029,27.772,27.816,28.1,28.116
38,7153,28.612,7112,7123,7166,7175,28.448,28.492,28.664,28.7
39,7336,29.344,7294,7304,7354,7362,29.176,29.216,29.416,29.448
40,7525,30.1,7479,7491,7562,7571,29.916,29.964,30.248,30.284
41,7714,30.856,7674,7684,7762,7770,30.696,30.736,31.048,31.08
42,7898,31.592,7858,7869,7945,7950,31.432,31.476,31.78,31.8
43,8080,32.32,8041,8052,8121,8133,32.164,32.208,32.484,32.532
44,8258,33.032,8220,8228,8295,8303,32.88,32.912,33.18,33.212
45,8446,33.784,8408,8418,8471,8479,33.632,33.672,33.884,33.916
46,8631,34.524,8592,8602,8646,8651,34.368,34.408,34.584,34.604
47,8818,35.272,8772,8779,8858,8863,35.088,35.116,35.432,35.452
48,9015,36.06,8972,8983,9041,9046,35.888,35.932,36.164,36.184
49,9209,36.836,9171,9180,9292,9300,36.684,36.72,37.168,37.2
50,9396,37.584,9355,9366,9417,9421,37.42,37.464,37.668,37.684
51,9577,38.308,9528,9537,9593,9601,38.112,38.148,38.372,38.404
52,9754,39.016,9714,9725,9796,9803,38.856,38.9,39.184,39.212
53,9929,39.716,9892,9901,9959,9963,39.568,39.604,39.836,39.852
54,10108,40.432,10067,10078,10125,10137,40.268,40.312,40.5,40.548
55,10300,41.2,10259,10270,10379,10388,41.036,41.08,41.516,41.552
56,10486,41.944,10447,10458,10522,10527,41.788,41.832,42.088,42.108
57,10673,42.692,10633,10645,10693,10700,42.532,42.58,42.772,42.8
58,10862,43.448,10821,10832,10877,10884,43.284,43.328,43.508,43.536
59,11050,44.2,11010,11020,11130,11134,44.04,44.08,44.52,44.536
60,11229,44.916,11172,11190,11255,11261,44.688,44.76,45.02,45.044
61,11417,45.668,11376,11385,11439,11443,45.504,45.54,45.756,45.772
62,11605,46.42,11567,11580,11622,11626,46.268,46.32,46.488,46.504
63,11799,47.196,11759,11772,11822,11826,47.036,47.088,47.288,47.304
64,12003,48.012,11963,11973,,,47.852,47.892,,
65,12211,48.844,12172,12181,12238,12243,48.688,48.724,48.952,48.972
66,12412,49.648,12372,12384,12456,12464,49.488,49.536,49.824,49.856
67,12603,50.412,12547,12564,12631,12638,50.188,50.256,50.524,50.552
68,12798,51.192,12759,12769,12814,12818,51.036,51.076,51.256,51.272
69,12990,51.96,12951,12962,13006,13010,51.804,51.848,52.024,52.04
70,13195,52.78,13152,13163,13210,13218,52.608,52.652,52.84,52.872
71,13400,53.6,13356,13367,13467,13481,53.424,53.468,53.868,53.924
72,13554,54.216,13511,13522,13568,13577,54.044,54.088,54.272,54.308
73,13801,55.204,13743,13761,13826,13831,54.972,55.044,55.304,55.324
74,14008,56.032,13952,13968,14031,14039,55.808,55.872,56.124,56.156
75,14203,56.812,14152,14165,14223,14227,56.608,56.66,56.892,56.908
76,14389,57.556,14352,14361,14415,14426,57.408,57.444,57.66,57.704
77,14582,58.328,14544,14556,14602,14607,58.176,58.224,58.408,58.428
78,14778,59.112,14726,14736,14801,14811,58.904,58.944,59.204,59.244
79,14983,59.932,14943,14952,15000,15007,59.772,59.808,60.0,60.028
80,15185,60.74,15145,15153,15215,15219,60.58,60.612,60.86,60.876
81,15383,61.532,15324,15341,15402,15411,61.296,61.364,61.608,61.644
82,15575,62.3,15538,15547,15589,15594,62.152,62.188,62.356,62.376
83,15768,63.072,15719,15727,15785,15795,62.876,62.908,63.14,63.18
84,15955,63.82,15919,15927,15974,15982,63.676,63.708,63.896,63.928
85,16146,64.584,16107,16115,16182,16194,64.428,64.46,64.728,64.776
86,16345,65.38,16303,16312,16394,16407,65.212,65.248,65.576,65.628
87,16544,66.176,16503,16511,16558,16565,66.012,66.044,66.232,66.26
88,16751,67.004,16711,16723,16769,16774,66.844,66.892,67.076,67.096
89,16950,67.8,16902,16911,16966,16970,67.608,67.644,67.864,67.88
90,17136,68.544,17090,17099,17166,17170,68.36,68.396,68.664,68.68
91,17322,69.288,17268,17282,17365,17383,69.072,69.128,69.46,69.532
92,17519,70.076,17469,17478,17532,17544,69.876,69.912,70.128,70.176
93,17707,70.828,17669,17678,17728,17732,70.676,70.712,70.912,70.928
94,17900,71.6,17853,17857,17928,17940,71.412,71.428,71.712,71.76
95,18089,72.356,18033,18048,18178,18183,72.132,72.192,72.712,72.732
96,18279,73.116,18225,18243,18295,18299,72.9,72.972,73.18,73.196
97,18470,73.88,18431,18441,18483,18491,73.724,73.764,73.932,73.964
98,18652,74.608,18603,18613,18688,18700,74.412,74.452,74.752,74.8
99,18830,75.32,18775,18790,18862,18870,75.1,75.16,75.448,75.48
100,19012,76.048,18956,18973,19045,19054,75.824,75.892,76.18,76.216
101,19195,76.78,19156,19165,19208,19217,76.624,76.66,76.832,76.868
102,19387,77.548,19349,19358,19407,19415,77.396,77.432,77.628,77.66
103,19575,78.3,19537,19545,19666,19674,78.148,78.18,78.664,78.696
104,19765,79.06,19725,19734,19791,19800,78.9,78.936,79.164,79.2
105,19949,79.796,19912,19921,19991,20000,79.648,79.684,79.964,80.0
106,20126,80.504,20074,20087,20170,20175,80.296,80.348,80.68,80.7
107,20308,81.232,20261,20269,20326,20333,81.044,81.076,81.304,81.332
108,20489,81.956,20451,20464,20516,20524,81.804,81.856,82.064,82.096
109,20669,82.676,20628,20640,20682,20691,82.512,82.56,82.728,82.764
110,20858,83.432,20816,20828,20907,20916,83.264,83.312,83.628,83.664
111,21057,84.228,21016,21032,21073,21086,84.064,84.128,84.292,84.344
112,21257,85.028,21198,21217,21283,21287,84.792,84.868,85.132,85.148
113,21447,85.788,21408,21416,21470,21475,85.632,85.664,85.88,85.9
114,21634,86.536,21595,21604,21650,21654,86.38,86.416,86.6,86.616
115,21822,87.288,21773,21783,21862,21866,87.092,87.132,87.448,87.464
116,22011,88.044,21970,21982,22037,22046,87.88,87.928,88.148,88.184
117,22209,88.836,22166,22177,22240,22246,88.664,88.708,88.96,88.984
118,22413,89.652,22369,22384,22425,22433,89.476,89.536,89.7,89.732
119,22624,90.496,22583,22594,22651,22662,90.332,90.376,90.604,90.648
120,22827,91.308,22786,22796,22846,22858,91.144,91.184,91.384,91.432
121,23028,92.112,22991,23001,23058,23066,91.964,92.004,92.232,92.264
122,23228,92.912,23179,23188,23250,23254,92.716,92.752,93.0,93.016
123,23426,93.704,23379,23387,23454,23459,93.516,93.548,93.816,93.836
124,23620,94.48,23579,23590,23633,23641,94.316,94.36,94.532,94.564
125,23826,95.304,23787,23797,23846,23854,95.148,95.188,95.384,95.416
126,24047,96.188,24004,24013,24058,24068,96.016,96.052,96.232,96.272
127,24262,97.048,24221,24228,24312,24321,96.884,96.912,97.248,97.284
128,24463,97.852,24425,24434,24488,24496,97.7,97.736,97.952,97.984
129,24664,98.656,24616,24623,24687,24695,98.464,98.492,98.748,98.78
130,24864,99.456,24816,24827,24879,24884,99.264,99.308,99.516,99.536
131,25063,100.252,25026,25037,25088,25092,100.104,100.148,100.352,100.368
132,25262,101.048,25211,25223,,,100.844,100.892,,
133,25466,101.864,25416,25421,25493,25502,101.664,101.684,101.972,102.008
134,25679,102.716,25640,25647,25696,25701,102.56,102.588,102.784,102.804
135,25889,103.556,25849,25859,25905,25916,103.396,103.436,103.62,103.664
136,26085,104.34,26047,26055,26105,26109,104.188,104.22,104.42,104.436
137,26279,105.116,26222,26238,26297,26305,104.888,104.952,105.188,105.22
138,26479,105.916,26424,26441,26529,26541,105.696,105.764,106.116,106.164
139,26683,106.732,26638,26645,26730,26747,106.552,106.58,106.92,106.988
140,26895,107.58,26855,26864,26942,26951,107.42,107.456,107.768,107.804
141,27102,108.408,27054,27063,27122,27126,108.216,108.252,108.488,108.504
142,27311,109.244,27262,27271,27330,27341,109.048,109.084,109.32,109.364
143,27514,110.056,27458,27472,27530,27534,109.832,109.888,110.12,110.136
144,27716,110.864,27667,27680,27730,27735,110.668,110.72,110.92,110.94
145,27913,111.652,27866,27872,27930,27939,111.464,111.488,111.72,111.756
146,28106,112.424,28058,28070,28121,28127,112.232,112.28,112.484,112.508
147,28317,113.268,28276,28284,28334,28339,113.104,113.136,113.336,113.356
148,28528,114.112,28487,28498,28555,28559,113.948,113.992,114.22,114.236
149,28732,114.928,28677,28689,28760,28768,114.708,114.756,115.04,115.072
150,28932,115.728,28895,28903,28972,28979,115.58,115.612,115.888,115.916
151,29129,116.516,29074,29090,29167,29172,116.296,116.36,116.668,116.688
152,29321,117.284,29267,29284,29359,29367,117.068,117.136,117.436,117.468
153,29515,118.06,29455,29479,29558,29572,117.82,117.916,118.232,118.288
154,29718,118.872,29679,29688,29746,29756,118.716,118.752,118.984,119.024
155,29917,119.668,29878,29888,29930,29935,119.512,119.552,119.72,119.74
156,30121,120.484,30067,30077,30144,30152,120.268,120.308,120.576,120.608
157,30325,121.3,30272,30285,30372,30380,121.088,121.14,121.488,121.52
158,30525,122.1,30488,30496,30551,30555,121.952,121.984,122.204,122.22
159,30713,122.852,30655,30672,30739,30751,122.62,122.688,122.956,123.004
160,30903,123.612,30856,30867,30943,30966,123.424,123.468,123.772,123.864
161,31096,124.384,31057,31064,31118,31127,124.228,124.256,124.472,124.508
162,31297,125.188,31256,31265,31385,31393,125.024,125.06,125.54,125.572
163,31500,126.0,31460,31469,31539,31546,125.84,125.876,126.156,126.184
164,31700,126.8,31647,31657,31715,31722,126.588,126.628,126.86,126.888
165,31897,127.588,31858,31867,31939,31947,127.432,127.468,127.756,127.788
166,32093,128.372,32047,32055,32127,32131,128.188,128.22,128.508,128.524
167,32280,129.12,32222,32240,32297,32302,128.888,128.96,129.188,129.208
168,32465,129.86,32406,32427,32484,32496,129.624,129.708,129.936,129.984
169,32655,130.62,32617,32626,32672,32678,130.468,130.504,130.688,130.712
170,32850,131.4,32810,32822,32868,32881,131.24,131.288,131.472,131.524
171,33050,132.2,33010,33018,33064,33069,132.04,132.072,132.256,132.276
172,33246,132.984,33207,33215,33264,33270,132.828,132.86,133.056,133.08
173,33439,133.756,33402,33414,33456,33464,133.608,133.656,133.824,133.856
174,33624,134.496,33569,33585,33669,33677,134.276,134.34,134.676,134.708
175,33815,135.26,33765,33773,33831,33839,135.06,135.092,135.324,135.356
176,34001,136.004,33962,33972,34039,34044,135.848,135.888,136.156,136.176
177,34191,136.764,34135,34149,34206,34210,136.54,136.596,136.824,136.84
178,34385,137.54,34340,34348,34435,34440,137.36,137.392,137.74,137.76
179,34578,138.312,34539,34548,34597,34602,138.156,138.192,138.388,138.408
180,34771,139.084,34734,34744,34789,34793,138.936,138.976,139.156,139.172
181,34961,139.844,34921,34929,34977,34982,139.684,139.716,139.908,139.928
182,35143,140.572,35102,35114,35185,35194,140.408,140.456,140.74,140.776
183,35324,141.296,35285,35295,35374,35386,141.14,141.18,141.496,141.544
184,35513,142.052,35475,35485,35527,35532,141.9,141.94,142.108,142.128
185,35704,142.816,35664,35673,35731,35736,142.656,142.692,142.924,142.944
186,35900,143.6,35857,35869,35923,35932,143.428,143.476,143.692,143.728
187,36098,144.392,36056,36069,36186,36194,144.224,144.276,144.744,144.776
188,36297,145.188,36256,36266,36310,36319,145.024,145.064,145.24,145.276
189,36486,145.944,36435,36444,36498,36507,145.74,145.776,145.992,146.028
190,36681,146.724,36640,36652,36699,36707,146.56,146.608,146.796,146.828
191,36875,147.5,36835,36844,36899,36906,147.34,147.376,147.596,147.624
192,37066,148.264,37025,37036,37085,37094,148.1,148.144,148.34,148.376
193,37259,149.036,37218,37228,37281,37290,148.872,148.912,149.124,149.16
194,37471,149.884,37428,37440,37490,37494,149.712,149.76,149.96,149.976
195,37679,150.716,37636,37646,37728,37733,150.544,150.584,150.912,150.932
196,37873,151.492,37832,37844,37903,37906,151.328,151.376,151.612,151.624
197,38066,152.264,38024,38028,38090,38098,152.096,152.112,152.36,152.392
198,38255,153.02,38205,38215,38299,38307,152.82,152.86,153.196,153.228
199,38449,153.796,38411,38423,38490,38495,153.644,153.692,153.96,153.98
200,38642,154.568,38602,38612,38661,38669,154.408,154.448,154.644,154.676
201,38839,155.356,38798,38808,38853,38857,155.192,155.232,155.412,155.428
202,39042,156.168,38999,39010,39063,39070,155.996,156.04,156.252,156.28
203,39253,157.012,39211,39223,39286,39299,156.844,156.892,157.144,157.196
204,39447,157.788,39410,39419,39469,39478,157.64,157.676,157.876,157.912
205,39637,158.548,39590,39598,39653,39660,158.36,158.392,158.612,158.64
206,39825,159.3,39786,39796,39870,39878,159.144,159.184,159.48,159.512
207,40015,160.06,39975,39985,40036,40040,159.9,159.94,160.144,160.16
208,40208,160.832,40166,40177,40241,40245,160.664,160.708,160.964,160.98
209,40411,161.644,40370,40379,40428,40432,161.48,161.516,161.712,161.728
210,40613,162.452,40564,40570,40627,40632,162.256,162.28,162.508,162.528
211,40814,163.256,40765,40773,40832,40836,163.06,163.092,163.328,163.344
212,41011,164.044,40949,40970,41035,41041,163.796,163.88,164.14,164.164
213,41203,164.812,41165,41174,41233,41240,164.66,164.696,164.932,164.96
214,41395,165.58,41357,41368,41424,41432,165.428,165.472,165.696,165.728
215,41587,166.348,41549,41557,41624,41632,166.196,166.228,166.496,166.528
216,41780,167.12,41741,41749,41795,41803,166.964,166.996,167.18,167.212
217,41981,167.924,41941,41952,42012,42020,167.764,167.808,168.048,168.08
218,42188,168.752,42145,42157,42193,42207,168.58,168.628,168.772,168.828
219,42380,169.52,42340,42353,42424,42432,169.36,169.412,169.696,169.728
220,42570,170.28,42532,42544,42620,42628,170.128,170.176,170.48,170.512
221,42762,171.048,42724,42733,42803,42815,170.896,170.932,171.212,171.26
222,42957,171.828,42916,42928,42975,42983,171.664,171.712,171.9,171.932
223,43143,172.572,43103,43113,43175,43183,172.412,172.452,172.7,172.732
224,43337,173.348,43274,43295,43366,43370,173.096,173.18,173.464,173.48
225,43537,174.148,43495,43507,43554,43558,173.98,174.028,174.216,174.232
226,43736,174.944,43691,43705,43762,43766,174.764,174.82,175.048,175.064
227,43934,175.736,43894,43903,43950,43958,175.576,175.612,175.8,175.832
228,44123,176.492,44083,44092,44137,44145,176.332,176.368,176.548,176.58
229,44309,177.236,44261,44273,44341,44349,177.044,177.092,177.364,177.396
230,44500,178.0,44462,44471,44520,44525,177.848,177.884,178.08,178.1
231,44696,178.784,44654,44665,44725,44730,178.616,178.66,178.9,178.92
232,44896,179.584,44854,44865,44928,44933,179.416,179.46,179.712,179.732
233,45097,180.388,45058,45066,45141,45150,180.232,180.264,180.564,180.6
234,45299,181.196,45258,45271,45316,45325,181.032,181.084,181.264,181.3
235,45492,181.968,45453,45463,45508,45517,181.812,181.852,182.032,182.068
236,45687,182.748,45649,45658,45700,45708,182.596,182.632,182.8,182.832
237,45880,183.52,45829,45841,45900,45908,183.316,183.364,183.6,183.632
238,46074,184.296,46037,46048,46105,46112,184.148,184.192,184.42,184.448
239,46266,185.064,46228,46237,46296,46304,184.912,184.948,185.184,185.216
240,46473,185.892,46430,46441,46495,46504,185.72,185.764,185.98,186.016
241,46678,186.712,46638,46649,46692,46700,186.552,186.596,186.768,186.8
242,46877,187.508,46832,46837,46900,46909,187.328,187.348,187.6,187.636
243,47064,188.256,47011,47025,47146,47154,188.044,188.1,188.584,188.616
244,47254,189.016,47201,47216,47271,47275,188.804,188.864,189.084,189.1
245,47451,189.804,47412,47423,47496,47513,189.648,189.692,189.984,190.052
246,47647,190.588,47583,47608,47687,47692,190.332,190.432,190.748,190.768
247,47846,191.384,47804,47815,47866,47876,191.216,191.26,191.464,191.504
248,48050,192.2,48008,48012,48074,48080,192.032,192.048,192.296,192.32
249,48257,193.028,48199,48216,48304,48308,192.796,192.864,193.216,193.232
250,48456,193.824,48416,48429,48500,48504,193.664,193.716,194.0,194.016
251,48647,194.588,48612,48621,48670,48675,194.448,194.484,194.68,194.7
252,48837,195.348,48790,48799,48859,48867,195.16,195.196,195.436,195.468
253,49030,196.12,48978,48992,49058,49067,195.912,195.968,196.232,196.268
254,49223,196.892,49181,49192,49246,49254,196.724,196.768,196.984,197.016
255,49427,197.708,49385,49395,49446,49458,197.54,197.58,197.784,197.832
256,49629,198.516,49584,49597,49675,49683,198.336,198.388,198.7,198.732
257,49827,199.308,49787,49796,49841,49846,199.148,199.184,199.364,199.384
258,50019,200.076,49979,49990,50038,50046,199.916,199.96,200.152,200.184
259,50213,200.852,50176,50187,50230,50235,200.704,200.748,200.92,200.94
260,50405,201.62,50366,50378,50430,50441,201.464,201.512,201.72,201.764
261,50588,202.352,50548,50559,50621,50627,202.192,202.236,202.484,202.508
262,50784,203.136,50742,50752,50829,50838,202.968,203.008,203.316,203.352
263,50987,203.948,50942,50954,51000,51012,203.768,203.816,204.0,204.048
264,51191,204.764,51149,51161,51234,51237,204.596,204.644,204.936,204.948
265,51385,205.54,51346,51355,51409,51417,205.384,205.42,205.636,205.668
266,51577,206.308,51516,51537,51592,51599,206.064,206.148,206.368,206.396
267,51765,207.06,51729,51738,51780,51783,206.916,206.952,207.12,207.132
268,51961,207.844,51921,51930,51996,52003,207.684,207.72,207.984,208.012
269,52150,208.6,52108,52118,52200,52209,208.432,208.472,208.8,208.836
270,52342,209.368,52291,52300,52355,52363,209.164,209.2,209.42,209.452
271,52543,210.172,52501,52513,52563,52567,210.004,210.052,210.252,210.268
272,52739,210.956,52700,52709,52825,52830,210.8,210.836,211.3,211.32
273,52935,211.74,52896,52905,52983,52988,211.584,211.62,211.932,211.952
274,53126,212.504,53091,53101,53150,53155,212.364,212.404,212.6,212.62
275,53316,213.264,53258,53275,53359,53367,213.032,213.1,213.436,213.468
276,53498,213.992,53459,53469,53521,53526,213.836,213.876,214.084,214.104
277,53691,214.764,53650,53662,53708,53713,214.6,214.648,214.832,214.852
278,53894,215.576,53852,53862,53925,53933,215.408,215.448,215.7,215.732
279,54093,216.372,54053,54064,54121,54130,216.212,216.256,216.484,216.52
280,54289,217.156,54247,54256,54371,54379,216.988,217.024,217.484,217.516
281,54485,217.94,54445,54457,54499,54505,217.78,217.828,217.996,218.02
282,54677,218.708,54621,54638,54721,54729,218.484,218.552,218.884,218.916
283,54870,219.48,54813,54829,54896,54901,219.252,219.316,219.584,219.604
284,55058,220.232,55017,55025,55084,55088,220.068,220.1,220.336,220.352
285,55250,221.0,55209,55218,55264,55271,220.836,220.872,221.056,221.084
286,55457,221.828,55413,55417,55484,55492,221.652,221.668,221.936,221.968
287,55665,222.66,55621,55633,55688,55692,222.484,222.532,222.752,222.768
288,55860,223.44,55821,55832,55888,55896,223.284,223.328,223.552,223.584
289,56051,224.204,56010,56022,56071,56076,224.04,224.088,224.284,224.304
290,56243,224.972,56204,56214,56271,56279,224.816,224.856,225.084,225.116
291,56430,225.72,56379,56389,56467,56475,225.516,225.556,225.868,225.9
292,56619,226.476,56579,56591,56647,56651,226.316,226.364,226.588,226.604
293,56816,227.264,56774,56781,56834,56843,227.096,227.124,227.336,227.372
294,57014,228.056,56975,56986,57096,57105,227.9,227.944,228.384,228.42
295,57214,228.856,57171,57181,57234,57242,228.684,228.724,228.936,228.968
296,57413,229.652,57354,57372,57441,57451,229.416,229.488,229.764,229.804
297,57604,230.416,57564,57577,57617,57626,230.256,230.308,230.468,230.504
298,57788,231.152,57749,57760,57801,57809,230.996,231.04,231.204,231.236
299,57975,231.9,57933,57946,58001,58005,231.732,231.784,232.004,232.02
300,58165,232.66,58125,58134,58184,58188,232.5,232.536,232.736,232.752
301,58367,233.468,58326,58339,58392,58396,233.304,233.356,233.568,233.584
302,58574,234.296,58530,58543,58592,58601,234.12,234.172,234.368,234.404
303,58769,235.076,58729,58742,58796,58801,234.916,234.968,235.184,235.204
304,58964,235.856,58922,58934,58988,58993,235.688,235.736,235.952,235.972
305,59159,236.636,59122,59132,59204,59223,236.488,236.528,236.816,236.892
306,59350,237.4,59310,59320,59397,59405,237.24,237.28,237.588,237.62
307,59533,238.132,59484,59493,59552,59559,237.936,237.972,238.208,238.236
308,59726,238.904,59685,59693,59759,59767,238.74,238.772,239.036,239.068
309,59927,239.708,59876,59885,59947,59954,239.504,239.54,239.788,239.816
310,60127,240.508,60085,60096,60147,60152,240.34,240.384,240.588,240.608
311,60326,241.304,60285,60296,60355,60360,241.14,241.184,241.42,241.44
312,60516,242.064,60466,60474,60534,60545,241.864,241.896,242.136,242.18
313,60701,242.804,60646,60660,60743,60752,242.584,242.64,242.972,243.008
314,60891,243.564,60852,60864,60913,60921,243.408,243.456,243.652,243.684
315,61081,244.324,61042,61052,61097,61104,244.168,244.208,244.388,244.416
316,61273,245.092,61234,61244,61293,61304,244.936,244.976,245.172,245.216
317,61470,245.88,61429,61439,61497,61501,245.716,245.756,245.988,246.004
318,61664,246.656,61623,61634,61689,61693,246.492,246.536,246.756,246.772
319,61852,247.408,61809,61819,61876,61880,247.236,247.276,247.504,247.52
320,62042,248.168,62001,62010,62061,62068,248.004,248.04,248.244,248.272
321,62229,248.916,62172,62189,62289,62318,248.688,248.756,249.156,249.272
322,62406,249.624,62350,62367,62451,62462,249.4,249.468,249.804,249.848
323,62582,250.328,62543,62555,62601,62608,250.172,250.22,250.404,250.432
324,62769,251.076,62730,62735,62781,62789,250.92,250.94,251.124,251.156
325,62955,251.82,62914,62923,62976,62988,251.656,251.692,251.904,251.952
326,63134,252.536,63096,63105,63155,63160,252.384,252.42,252.62,252.64
327,63314,253.256,63273,63286,63355,63364,253.092,253.144,253.42,253.456
328,63494,253.976,63455,63466,63509,63514,253.82,253.864,254.036,254.056
329,63666,254.664,63626,63638,63680,63689,254.504,254.552,254.72,254.756
330,63841,255.364,63803,63814,63864,63876,255.212,255.256,255.456,255.504
331,64019,256.076,63975,63980,64030,64042,255.9,255.92,256.12,256.168
332,64196,256.784,64150,64159,64218,64227,256.6,256.636,256.872,256.908
333,64380,257.52,64338,64348,64396,64402,257.352,257.392,257.584,257.608
334,64577,258.308,64534,64547,64601,64606,258.136,258.188,258.404,258.424
335,64764,259.056,64723,64726,64789,64797,258.892,258.904,259.156,259.188
336,64951,259.804,64912,64922,64993,65010,259.648,259.688,259.972,260.04
337,65128,260.512,65072,65089,65147,65159,260.288,260.356,260.588,260.636
338,65310,261.24,65272,65282,65327,65335,261.088,261.128,261.308,261.34
339,65496,261.984,65455,65467,65510,65518,261.82,261.868,262.04,262.072
340,65688,262.752,65651,65660,65719,65727,262.604,262.64,262.876,262.908
341,65878,263.512,65839,65848,65906,65914,263.356,263.392,263.624,263.656
342,66077,264.308,66038,66047,66093,66101,264.152,264.188,264.372,264.404
343,66282,265.128,66243,66253,66305,66314,264.972,265.012,265.22,265.256
344,66482,265.928,66445,66456,66514,66522,265.78,265.824,266.056,266.088
345,66667,266.668,66627,66635,66693,66705,266.508,266.54,266.772,266.82
346,66853,267.412,66813,66826,66869,66877,267.252,267.304,267.476,267.508
347,67042,268.168,67002,67012,67056,67061,268.008,268.048,268.224,268.244
348,67234,268.936,67193,67205,67264,67268,268.772,268.82,269.056,269.072
349,67430,269.72,67389,67401,67452,67460,269.556,269.604,269.808,269.84
350,67629,270.516,67589,67601,67648,67652,270.356,270.404,270.592,270.608
351,67831,271.324,67792,67801,67851,67856,271.168,271.204,271.404,271.424
352,68026,272.104,67989,67997,68051,68060,271.956,271.988,272.204,272.24
353,68217,272.868,68180,68191,68235,68243,272.72,272.764,272.94,272.972
354,68407,273.628,68368,68379,68426,68435,273.472,273.516,273.704,273.74
355,68603,274.412,68554,68563,68648,68653,274.216,274.252,274.592,274.612
356,68801,275.204,68759,68768,68822,68831,275.036,275.072,275.288,275.324
357,68998,275.992,68949,68960,69005,69019,275.796,275.84,276.02,276.076
358,69207,276.828,69164,69173,69297,69303,276.656,276.692,277.188,277.212
359,69416,277.664,69368,69377,69459,69465,277.472,277.508,277.836,277.86
360,69612,278.448,69568,69573,69627,69631,278.272,278.292,278.508,278.524
361,69800,279.2,69760,69769,69826,69835,279.04,279.076,279.304,279.34
362,69995,279.98,69956,69965,70019,70026,279.824,279.86,280.076,280.104
363,70198,280.792,70156,70160,70218,70223,280.624,280.64,280.872,280.892
364,70406,281.624,70365,70376,70427,70435,281.46,281.504,281.708,281.74
365,70602,282.408,70563,70574,70631,70639,282.252,282.296,282.524,282.556
366,70805,283.22,70764,70775,70823,70831,283.056,283.1,283.292,283.324
367,71010,284.04,70965,70973,71027,71036,283.86,283.892,284.108,284.144
368,71209,284.836,71155,71173,71239,71243,284.62,284.692,284.956,284.972
369,71395,285.58,71356,71366,71439,71444,285.424,285.464,285.756,285.776
370,71584,286.336,71544,71557,71619,71627,286.176,286.228,286.476,286.508
371,71795,287.18,71753,71762,71815,71823,287.012,287.048,287.26,287.292
372,72008,288.032,71964,71976,72023,72031,287.856,287.904,288.092,288.124
373,72201,288.804,72161,72173,72232,72240,288.644,288.692,288.928,288.96
374,72397,289.588,72357,72368,72436,72444,289.428,289.472,289.744,289.776
375,72595,290.38,72551,72558,72682,72690,290.204,290.232,290.728,290.76
376,72796,291.184,72747,72756,72815,72823,290.988,291.024,291.26,291.292
377,72983,291.932,72944,72955,73011,73024,291.776,291.82,292.044,292.096
378,73175,292.7,73136,73146,73194,73199,292.544,292.584,292.776,292.796
379,73375,293.5,73331,73335,73399,73407,293.324,293.34,293.596,293.628
380,73582,294.328,73540,73549,73602,73610,294.16,294.196,294.408,294.44
381,73777,295.108,73736,73746,73803,73811,294.944,294.984,295.212,295.244
382,73964,295.856,73918,73927,73987,73994,295.672,295.708,295.948,295.976
383,74142,296.568,74107,74117,74156,74165,296.428,296.468,296.624,296.66
384,74323,297.292,74285,74294,74344,74351,297.14,297.176,297.376,297.404
385,74498,297.992,74459,74469,74515,74519,297.836,297.876,298.06,298.076
386,74678,298.712,74638,74650,74707,74714,298.552,298.6,298.828,298.856
387,74864,299.456,74823,74835,,,299.292,299.34,,
388,75055,300.22,75012,75026,75103,75111,300.048,300.104,300.412,300.444
389,75236,300.944,75197,75207,75261,75269,300.788,300.828,301.044,301.076
390,75425,301.7,75386,75395,,,301.544,301.58,,
391,75608,302.432,75569,75578,75628,75636,302.276,302.312,302.512,302.544
392,75787,303.148,75753,75762,75798,75807,303.012,303.048,303.192,303.228
393,75961,303.844,75924,75934,75994,76004,303.696,303.736,303.976,304.016
394,76147,304.588,76090,76106,76166,76174,304.36,304.424,304.664,304.696
395,76342,305.368,76300,76307,76357,76361,305.2,305.228,305.428,305.444
396,76539,306.156,76497,76508,76590,76595,305.988,306.032,306.36,306.38
397,76729,306.916,76689,76700,76745,76752,306.756,306.8,306.98,307.008
398,76922,307.688,76883,76894,76969,76975,307.532,307.576,307.876,307.9
399,77111,308.444,77064,77073,77152,77160,308.256,308.292,308.608,308.64
400,77302,309.208,77262,77274,77315,77323,309.048,309.096,309.26,309.292
401,77492,309.968,77452,77461,77519,77524,309.808,309.844,310.076,310.096
402,77682,310.728,77624,77640,77698,77703,310.496,310.56,310.792,310.812
403,77881,311.524,77840,77853,77915,77923,311.36,311.412,311.66,311.692
404,78084,312.336,78042,78052,78106,78115,312.168,312.208,312.424,312.46
405,78285,313.14,78244,78253,78299,78307,312.976,313.012,313.196,313.228
406,78484,313.936,78436,78444,78503,78506,313.744,313.776,314.012,314.024
407,78679,314.716,78628,78642,78694,78698,314.512,314.568,314.776,314.792
408,78869,315.476,78811,78831,78890,78895,315.244,315.324,315.56,315.58
409,79070,316.28,79030,79039,79090,79095,316.12,316.156,316.36,316.38
410,79273,317.092,79231,79241,79324,79332,316.924,316.964,317.296,317.328
411,79480,317.92,79437,79448,79495,79503,317.748,317.792,317.98,318.012
412,79685,318.74,79642,79653,79707,79715,318.568,318.612,318.828,318.86
413,79887,319.548,79830,79845,79940,79945,319.32,319.38,319.76,319.78
414,80089,320.356,80040,80048,80111,80115,320.16,320.192,320.444,320.46
415,80288,321.152,80235,80249,80303,80307,320.94,320.996,321.212,321.228
416,80485,321.94,80428,80444,80519,80524,321.712,321.776,322.076,322.096
417,80677,322.708,80636,80645,80695,80702,322.544,322.58,322.78,322.808
418,80888,323.552,80845,80856,80907,80911,323.38,323.424,323.628,323.644
419,81096,324.384,81054,81065,81115,81120,324.216,324.26,324.46,324.48
420,81291,325.164,81250,81257,81320,81324,325.0,325.028,325.28,325.296
421,81489,325.956,81449,81459,81511,81515,325.796,325.836,326.044,326.06
422,81682,326.728,81643,81653,81703,81708,326.572,326.612,326.812,326.832
423,81876,327.504,81837,81846,81907,81915,327.348,327.384,327.628,327.66
424,82071,328.284,82015,82032,82098,82106,328.06,328.128,328.392,328.424
425,82270,329.08,82222,82229,82299,82307,328.888,328.916,329.196,329.228
426,82472,329.888,82429,82441,82524,82533,329.716,329.764,330.096,330.132
427,82678,330.712,82636,82646,82728,82740,330.544,330.584,330.912,330.96
428,82882,331.528,82840,82852,82895,82903,331.36,331.408,331.58,331.612
429,83070,332.28,83024,83033,83103,83107,332.096,332.132,332.412,332.428
430,83259,333.036,83220,83232,83312,83316,332.88,332.928,333.248,333.264
431,83451,333.804,83403,83411,83471,83478,333.612,333.644,333.884,333.912
432,83650,334.6,83608,83611,,,334.432,334.444,,
433,83856,335.424,83816,83827,83882,83891,335.264,335.308,335.528,335.564
434,84058,336.232,84015,84027,84103,84111,336.06,336.108,336.412,336.444
435,84259,337.036,84218,84229,84278,84285,336.872,336.916,337.112,337.14
436,84471,337.884,84431,84440,84495,84500,337.724,337.76,337.98,338.0
437,84668,338.672,84612,84628,84695,84699,338.448,338.512,338.78,338.796
438,84856,339.424,84802,84816,84883,84891,339.208,339.264,339.532,339.564
439,85052,340.208,85012,85024,85066,85071,340.048,340.096,340.264,340.284
440,85254,341.016,85199,85216,85295,85302,340.796,340.864,341.18,341.208
441,85461,341.844,85420,85430,85479,85483,341.68,341.72,341.916,341.932
442,85666,342.664,85625,85637,85712,85721,342.5,342.548,342.848,342.884
443,85869,343.476,85828,85841,85883,85891,343.312,343.364,343.532,343.564
444,86063,344.252,86024,86034,86083,86088,344.096,344.136,344.332,344.352
445,86252,345.008,86212,86221,86283,86292,344.848,344.884,345.132,345.168
446,86438,345.752,86383,86399,86450,86458,345.532,345.596,345.8,345.832
447,86631,346.524,86583,86591,86670,86675,346.332,346.364,346.68,346.7
448,86830,347.32,86790,86799,86862,86867,347.16,347.196,347.448,347.468
449,87025,348.1,86987,86999,87046,87050,347.948,347.996,348.184,348.2
450,87225,348.9,87183,87195,87246,87254,348.732,348.78,348.984,349.016
451,87432,349.728,87391,87403,87479,87492,349.564,349.612,349.916,349.968
452,87630,350.52,87579,87590,87658,87662,350.316,350.36,350.632,350.648
453,87811,351.244,87774,87786,,,351.096,351.144,,
454,88002,352.008,87962,87974,88033,88037,351.848,351.896,352.132,352.148
455,88202,352.808,88154,88163,88221,88228,352.616,352.652,352.884,352.912
456,88415,353.66,88376,88386,88458,88467,353.504,353.544,353.832,353.868
457,88620,354.48,88580,88593,88712,88720,354.32,354.372,354.848,354.88
458,88818,355.272,88779,88789,88833,88838,355.116,355.156,355.332,355.352
459,89015,356.06,88975,88986,89095,89105,355.9,355.944,356.38,356.42
460,89150,356.6,89095,89105,89180,89187,356.38,356.42,356.72,356.748
461,89387,357.548,89334,89351,89471,89476,357.336,357.404,357.884,357.904
462,89589,358.356,89535,89551,89671,89680,358.14,358.204,358.684,358.72
463,89799,359.196,89738,89758,89826,89829,358.952,359.032,359.304,359.316
464,90009,360.036,89958,89971,90027,90035,359.832,359.884,360.108,360.14
465,90215,360.86,90176,90188,,,360.704,360.752,,
466,90417,361.668,90360,90379,90463,90467,361.44,361.516,361.852,361.868
467,90612,362.448,90562,90571,90634,90642,362.248,362.284,362.536,362.568
468,90801,363.204,90764,90773,90823,90831,363.056,363.092,363.292,363.324
469,90995,363.98,90946,90955,91013,91021,363.784,363.82,364.052,364.084
470,91189,364.756,91134,91150,91222,91229,364.536,364.6,364.888,364.916
471,91390,365.56,91350,91359,91409,91413,365.4,365.436,365.636,365.652
472,91594,366.376,91555,91563,91615,91622,366.22,366.252,366.46,366.488
473,91797,367.188,91749,91755,91814,91825,366.996,367.02,367.256,367.3
474,91994,367.976,91946,91954,92021,92026,367.784,367.816,368.084,368.104
475,92183,368.732,92134,92144,92213,92221,368.536,368.576,368.852,368.884
476,92372,369.488,92334,92343,92405,92409,369.336,369.372,369.62,369.636
477,92563,370.252,92524,92531,92584,92589,370.096,370.124,370.336,370.356
478,92762,371.048,92709,92717,92851,92863,370.836,370.868,371.404,371.452
479,92967,371.868,92929,92938,92980,92989,371.716,371.752,371.92,371.956
480,93168,372.672,93130,93142,93197,93201,372.52,372.568,372.788,372.804
481,93370,373.48,93332,93340,93401,93405,373.328,373.36,373.604,373.62
482,93566,374.264,93518,93530,93605,93613,374.072,374.12,374.42,374.452
483,93757,375.028,93702,93717,93843,93851,374.808,374.868,375.372,375.404
484,93948,375.792,93901,93909,93976,93980,375.604,375.636,375.904,375.92
485,94141,376.564,94103,94114,94159,94168,376.412,376.456,376.636,376.672
486,94341,377.364,94284,94301,94384,94392,377.136,377.204,377.536,377.568
487,94551,378.204,94488,94508,94567,94572,377.952,378.032,378.268,378.288
488,94761,379.044,94722,94733,94797,94802,378.888,378.932,379.188,379.208
489,94961,379.844,94906,94922,95001,95005,379.624,379.688,380.004,380.02
490,95156,380.624,95108,95118,95180,95189,380.432,380.472,380.72,380.756
491,95351,381.404,95310,95313,95368,95376,381.24,381.252,381.472,381.504
492,95551,382.204,95511,95522,95572,95581,382.044,382.088,382.288,382.324
493,95747,382.988,95698,95706,95781,95785,382.792,382.824,383.124,383.14
494,95953,383.812,95914,95923,96005,96010,383.656,383.692,384.02,384.04
495,96157,384.628,96117,96123,96181,96185,384.468,384.492,384.724,384.74
496,96368,385.472,96330,96340,96414,96419,385.32,385.36,385.656,385.676
497,96567,386.268,96514,96528,96598,96606,386.056,386.112,386.392,386.424
498,96762,387.048,96714,96723,96793,96802,386.856,386.892,387.172,387.208
499,96953,387.812,96898,96913,96989,96997,387.592,387.652,387.956,387.988
500,97160,388.64,97122,97131,97185,97194,388.488,388.524,388.74,388.776
501,97366,389.464,97325,97335,97414,97419,389.3,389.34,389.656,389.676
502,97566,390.264,97514,97523,97586,97593,390.056,390.092,390.344,390.372
503,97770,391.08,97722,97728,97806,97811,390.888,390.912,391.224,391.244
504,97973,391.892,97935,97943,97990,97999,391.74,391.772,391.96,391.996
505,98171,392.684,98115,98131,98198,98206,392.46,392.524,392.792,392.824
506,98364,393.456,98307,98323,98381,98393,393.228,393.292,393.524,393.572
507,98557,394.228,98510,98518,98581,98586,394.04,394.072,394.324,394.344
508,98758,395.032,98721,98728,98778,98782,394.884,394.912,395.112,395.128
509,98967,395.868,98928,98936,98986,98994,395.712,395.744,395.944,395.976
510,99174,396.696,99135,99143,99190,99194,396.54,396.572,396.76,396.776
511,99372,397.488,99324,99331,99390,99398,397.296,397.324,397.56,397.592
512,99570,398.28,99522,99532,99590,99594,398.088,398.128,398.36,398.376
513,99761,399.044,99715,99724,99843,99852,398.86,398.896,399.372,399.408
514,99960,399.84,99920,99923,99978,99982,399.68,399.692,399.912,399.928
515,100153,400.612,100098,100119,100203,100207,400.392,400.476,400.812,400.828
516,100359,401.436,100320,100329,100381,100389,401.28,401.316,401.524,401.556
517,100564,402.256,100526,100533,100603,100615,402.104,402.132,402.412,402.46
518,100777,403.108,100740,100749,100799,100810,402.96,402.996,403.196,403.24
519,100980,403.92,100932,100943,100999,101007,403.728,403.772,403.996,404.028
520,101172,404.688,101117,101133,101215,101220,404.468,404.532,404.86,404.88
521,101367,405.468,101331,101341,101391,101398,405.324,405.364,405.564,405.592
522,101563,406.252,101525,101535,101582,101590,406.1,406.14,406.328,406.36
523,101762,407.048,101724,101733,101790,101795,406.896,406.932,407.16,407.18
524,101967,407.868,101910,101928,102016,102020,407.64,407.712,408.064,408.08
525,102176,408.704,102139,102149,102224,102228,408.556,408.596,408.896,408.912
526,102380,409.52,102340,102346,102449,102470,409.36,409.384,409.796,409.88
527,102583,410.332,102544,102557,102665,102669,410.176,410.228,410.66,410.676
528,102781,411.124,102741,102744,102802,102811,410.964,410.976,411.208,411.244
529,102975,411.9,102923,102937,103037,103066,411.692,411.748,412.148,412.264
530,103163,412.652,103124,103135,103186,103195,412.496,412.54,412.744,412.78
531,103369,413.476,103329,103339,103390,103395,413.316,413.356,413.56,413.58
532,103583,414.332,103541,103551,103666,103679,414.164,414.204,414.664,414.716
533,103793,415.172,103753,103763,103808,103816,415.012,415.052,415.232,415.264
534,103985,415.94,103940,103948,104066,104074,415.76,415.792,416.264,416.296
535,104173,416.692,104133,104141,104212,104216,416.532,416.564,416.848,416.864
536,104370,417.48,104328,104337,104420,104433,417.312,417.348,417.68,417.732
537,104570,418.28,104524,104532,,,418.096,418.128,,
538,104766,419.064,104728,104738,104849,104858,418.912,418.952,419.396,419.432
539,104963,419.852,104920,104932,105050,105058,419.68,419.728,420.2,420.232
540,105169,420.676,105125,105137,105187,105191,420.5,420.548,420.748,420.764
541,105380,421.52,105341,105350,105391,105404,421.364,421.4,421.564,421.616
542,105583,422.332,105541,105545,105667,105670,422.164,422.18,422.668,422.68
543,105765,423.06,105728,105737,105791,105799,422.912,422.948,423.164,423.196
544,105953,423.812,105895,105913,105983,105988,423.58,423.652,423.932,423.952
545,106156,424.624,106116,106125,106187,106195,424.464,424.5,424.748,424.78
546,106362,425.448,106320,106332,106387,106395,425.28,425.328,425.548,425.58
547,106554,426.216,106512,106524,106637,106645,426.048,426.096,426.548,426.58
548,106752,427.008,106712,106721,106783,106789,426.848,426.884,427.132,427.156
549,106952,427.808,106904,106912,106983,106992,427.616,427.648,427.932,427.968
550,107151,428.604,107107,107114,107163,107172,428.428,428.456,428.652,428.688
551,107297,429.188,107249,107263,107325,107333,428.996,429.052,429.3,429.332
552,107525,430.1,107484,107492,107609,107617,429.936,429.968,430.436,430.468
553,107734,430.936,107692,107695,107784,107795,430.768,430.78,431.136,431.18
554,107944,431.776,107891,107900,107990,107996,431.564,431.6,431.96,431.984
555,108155,432.62,108116,108125,108187,108192,432.464,432.5,432.748,432.768
556,108357,433.428,108300,108317,108446,108452,433.2,433.268,433.784,433.808
557,108551,434.204,108512,108522,108563,108571,434.048,434.088,434.252,434.284
558,108711,434.844,108671,108680,108787,108797,434.684,434.72,435.148,435.188
559,108932,435.728,108888,108892,,,435.552,435.568,,
560,109131,436.524,109095,109105,,,436.38,436.42,,
561,109323,437.292,109280,109292,109371,109375,437.12,437.168,437.484,437.5
562,109522,438.088,109482,109492,109576,109580,437.928,437.968,438.304,438.32
563,109733,438.932,109692,109703,109771,109779,438.768,438.812,439.084,439.116
564,109941,439.764,109883,109901,109976,109979,439.532,439.604,439.904,439.916
565,110125,440.5,110075,110087,110167,110176,440.3,440.348,440.668,440.704
566,110314,441.256,110276,110285,110347,110355,441.104,441.14,441.388,441.42
567,110508,442.032,110468,110479,110524,110531,441.872,441.916,442.096,442.124
568,110713,442.852,110671,110681,,,442.684,442.724,,
569,110912,443.648,110868,110880,110930,110941,443.472,443.52,443.72,443.764
570,111110,444.44,111069,111080,111163,111171,444.276,444.32,444.652,444.684
571,111311,445.244,111268,111272,111317,111332,445.072,445.088,445.268,445.328
572,111515,446.06,111476,111489,111568,111580,445.904,445.956,446.272,446.32
573,111709,446.836,111671,111680,111723,111726,446.684,446.72,446.892,446.904
574,111894,447.576,111858,111868,111930,111938,447.432,447.472,447.72,447.752
575,112086,448.344,112047,112058,112130,112134,448.188,448.232,448.52,448.536
576,112240,448.96,112194,112210,112279,112284,448.776,448.84,449.116,449.136
577,112495,449.98,112455,112464,112584,112593,449.82,449.856,450.336,450.372
578,112714,450.856,112675,112684,112743,112751,450.7,450.736,450.972,451.004
579,112922,451.688,112867,112881,112972,112979,451.468,451.524,451.888,451.916
580,113118,452.472,113068,113077,113155,113160,452.272,452.308,452.62,452.64
581,113314,453.256,113255,113275,113347,113355,453.02,453.1,453.388,453.42
582,113516,454.064,113463,113477,113534,113542,453.852,453.908,454.136,454.168
583,113716,454.864,113676,113680,113772,113780,454.704,454.72,455.088,455.12
584,113920,455.68,113881,113889,113943,113951,455.524,455.556,455.772,455.804
585,114126,456.504,114088,114098,114214,114222,456.352,456.392,456.856,456.888
586,114335,457.34,114297,114305,114359,114368,457.188,457.22,457.436,457.472
587,114538,458.152,114488,114497,114618,114627,457.952,457.988,458.472,458.508
588,114732,458.928,114676,114692,114748,114751,458.704,458.768,458.992,459.004
589,114925,459.7,114871,114885,114939,114947,459.484,459.54,459.756,459.788
590,115126,460.504,115085,115094,115172,115178,460.34,460.376,460.688,460.712
591,115323,461.292,115284,115295,115372,115376,461.136,461.18,461.488,461.504
592,115528,462.112,115488,115498,115569,115573,461.952,461.992,462.276,462.292
593,115684,462.736,115639,115655,115718,115727,462.556,462.62,462.872,462.908
594,115934,463.736,115896,115903,115955,115964,463.584,463.612,463.82,463.856
595,116137,464.548,116101,116110,116164,116169,464.404,464.44,464.656,464.676
596,116339,465.356,116301,116311,116360,116364,465.204,465.244,465.44,465.456
597,116535,466.14,116486,116494,116559,116564,465.944,465.976,466.236,466.256
598,116682,466.728,116631,116640,116731,116736,466.524,466.56,466.924,466.944
599,116935,467.74,116893,116905,116972,116977,467.572,467.62,467.888,467.908
600,117156,468.624,117117,117127,117181,117185,468.468,468.508,468.724,468.74
601,117364,469.456,117314,117323,117385,117393,469.256,469.292,469.54,469.572
602,117564,470.256,117523,117530,117611,117619,470.092,470.12,470.444,470.476
603,117768,471.072,117714,117729,117794,117802,470.856,470.916,471.176,471.208
604,117966,471.864,117931,117939,117986,117989,471.724,471.756,471.944,471.956
605,118175,472.7,118135,118144,118190,118194,472.54,472.576,472.76,472.776
606,118377,473.508,118326,118337,118394,118401,473.304,473.348,473.576,473.604
607,118588,474.352,118532,118549,118619,118628,474.128,474.196,474.476,474.512
608,118802,475.208,118761,118764,118849,118853,475.044,475.056,475.396,475.412
609,119008,476.032,118970,118979,119032,119037,475.88,475.916,476.128,476.148
610,119205,476.82,119157,119170,119241,119249,476.628,476.68,476.964,476.996
611,119401,477.604,119348,119361,119440,119444,477.392,477.444,477.76,477.776
612,119601,478.404,119548,119561,,,478.192,478.244,,
613,119812,479.248,119754,119773,119836,119844,479.016,479.092,479.344,479.376
614,120030,480.12,119974,119987,120078,120086,479.896,479.948,480.312,480.344
615,120236,480.944,120194,120198,120257,120269,480.776,480.792,481.028,481.076
616,120445,481.78,120405,120412,120491,120506,481.62,481.648,481.964,482.024
617,120645,482.58,120608,120619,120690,120698,482.432,482.476,482.76,482.792
618,120843,483.372,120795,120803,120862,120867,483.18,483.212,483.448,483.468
619,121038,484.152,120992,121000,121053,121061,483.968,484.0,484.212,484.244
620,121238,484.952,121179,121200,121260,121266,484.716,484.8,485.04,485.064
621,121450,485.8,121410,121419,121486,121495,485.64,485.676,485.944,485.98
622,121663,486.652,121615,121621,121686,121690,486.46,486.484,486.744,486.76
623,121873,487.492,121819,121832,121890,121895,487.276,487.328,487.56,487.58
624,122074,488.296,122028,122033,122095,122099,488.112,488.132,488.38,488.396
625,122275,489.1,122237,122246,122308,122311,488.948,488.984,489.232,489.244
626,122476,489.904,122439,122448,122500,122503,489.756,489.792,490.0,490.012
627,122680,490.72,122640,122648,122717,122725,490.56,490.592,490.868,490.9
628,122881,491.524,122842,122849,122903,122912,491.368,491.396,491.612,491.648
629,123091,492.364,123052,123058,123128,123138,492.208,492.232,492.512,492.552
630,123301,493.204,123249,123262,123329,123337,492.996,493.048,493.316,493.348
631,123511,494.044,123474,123482,123525,123533,493.896,493.928,494.1,494.132
632,123707,494.828,123659,123671,123751,123766,494.636,494.684,495.004,495.064
633,123902,495.608,123849,123863,123916,123925,495.396,495.452,495.664,495.7
634,124105,496.42,124067,124076,124137,124141,496.268,496.304,496.548,496.564
635,124316,497.264,124277,124287,124329,124333,497.108,497.148,497.316,497.332
636,124530,498.12,124470,124488,124546,124550,497.88,497.952,498.184,498.2
637,124735,498.94,124683,124696,124750,124758,498.732,498.784,499.0,499.032
638,124947,499.788,124908,124916,124962,124974,499.632,499.664,499.848,499.896
639,125146,500.584,125099,125109,125171,125174,500.396,500.436,500.684,500.696
640,125350,501.4,125301,125309,125379,125387,501.204,501.236,501.516,501.548
641,125547,502.188,125500,125507,125562,125571,502.0,502.028,502.248,502.284
642,125750,503.0,125708,125713,125779,125787,502.832,502.852,503.116,503.148
643,125964,503.856,125922,125933,125992,125996,503.688,503.732,503.968,503.984
644,126178,504.712,126141,126150,126192,126200,504.564,504.6,504.768,504.8
645,126388,505.552,126337,126347,126406,126416,505.348,505.388,505.624,505.664
646,126582,506.328,126529,126547,,,506.116,506.188,,
647,126783,507.132,126737,126746,126796,126804,506.948,506.984,507.184,507.216
648,126983,507.932,126945,126954,127000,127009,507.78,507.816,508.0,508.036
649,127186,508.744,127143,127148,127204,127213,508.572,508.592,508.816,508.852
650,127391,509.564,127347,127351,127421,127426,509.388,509.404,509.684,509.704
651,127600,510.4,127562,127571,127617,127621,510.248,510.284,510.468,510.484
652,127811,511.244,127771,127779,127834,127842,511.084,511.116,511.336,511.368
653,128015,512.06,127980,127990,128039,128042,511.92,511.96,512.156,512.168
654,128210,512.84,128163,128172,128242,128254,512.652,512.688,512.968,513.016
655,128402,513.608,128350,128366,128434,128442,513.4,513.464,513.736,513.768
656,128601,514.404,128563,128576,128629,128634,514.252,514.304,514.516,514.536
657,128805,515.22,128758,128768,128833,128846,515.032,515.072,515.332,515.384
658,129013,516.052,128968,128974,129055,129064,515.872,515.896,516.22,516.256
659,129223,516.892,129184,129193,129251,129259,516.736,516.772,517.004,517.036
660,129424,517.696,129369,129384,129450,129455,517.476,517.536,517.8,517.82
661,129627,518.508,129589,129598,129642,129650,518.356,518.392,518.568,518.6
662,129823,519.292,129777,129785,129837,129842,519.108,519.14,519.348,519.368
663,130022,520.088,129968,129981,130043,130051,519.872,519.924,520.172,520.204
664,130223,520.892,130164,130182,130255,130264,520.656,520.728,521.02,521.056
665,130433,521.732,130396,130406,130484,130488,521.584,521.624,521.936,521.952
666,130643,522.572,130605,130613,130697,130701,522.42,522.452,522.788,522.804
667,130858,523.432,130798,130815,130884,130889,523.192,523.26,523.536,523.556
668,131059,524.236,131022,131031,131085,131088,524.088,524.124,524.34,524.352
669,131253,525.012,131205,131215,131277,131284,524.82,524.86,525.108,525.136
670,131453,525.812,131401,131414,131492,131497,525.604,525.656,525.968,525.988
671,131652,526.608,131597,131611,131673,131681,526.388,526.444,526.692,526.724
672,131857,527.428,131819,131828,131892,131898,527.276,527.312,527.568,527.592
673,132068,528.272,132030,132038,132089,132097,528.12,528.152,528.356,528.388
674,132280,529.12,132242,132251,132306,132315,528.968,529.004,529.224,529.26
675,132482,529.928,132432,132443,132506,132513,529.728,529.772,530.024,530.052
676,132684,530.736,132630,132644,132707,132714,530.52,530.576,530.828,530.856
677,132880,531.52,132831,132839,132901,132910,531.324,531.356,531.604,531.64
678,133070,532.28,133015,133031,133085,133093,532.06,532.124,532.34,532.372
679,133275,533.1,133234,133242,133299,133306,532.936,532.968,533.196,533.224
680,133478,533.912,133432,133436,133514,133522,533.728,533.744,534.056,534.088
681,133684,534.736,133646,133654,133719,133727,534.584,534.616,534.876,534.908
682,133885,535.54,133847,133855,133907,133915,535.388,535.42,535.628,535.66
683,134082,536.328,134039,134044,134119,134127,536.156,536.176,536.476,536.508
684,134275,537.1,134228,134239,134294,134298,536.912,536.956,537.176,537.192
685,134475,537.9,134439,134448,134489,134496,537.756,537.792,537.956,537.984
686,134672,538.688,134614,134631,134715,134723,538.456,538.524,538.86,538.892
687,134871,539.484,134822,134831,134890,134899,539.288,539.324,539.56,539.596
688,135085,540.34,135044,135052,135136,135148,540.176,540.208,540.544,540.592
689,135289,541.156,135231,135248,135336,135344,540.924,540.992,541.344,541.376
690,135491,541.964,135439,135453,135515,135523,541.756,541.812,542.06,542.092
691,135692,542.768,135636,135651,135719,135723,542.544,542.604,542.876,542.892
692,135836,543.344,135796,135807,135852,135857,543.184,543.228,543.408,543.428
693,136075,544.3,136031,136039,136115,136123,544.124,544.156,544.46,544.492
694,136287,545.148,136244,136249,136323,136333,544.976,544.996,545.292,545.332
695,136500,546.0,136461,136472,136515,136524,545.844,545.888,546.06,546.096
696,136710,546.84,136659,136670,136728,136737,546.636,546.68,546.912,546.948
697,136921,547.684,136873,136878,,,547.492,547.512,,
698,137123,548.492,137073,137087,137149,137156,548.292,548.348,548.596,548.624
699,137315,549.26,137279,137287,137344,137352,549.116,549.148,549.376,549.408
700,137514,550.056,137458,137473,137532,137541,549.832,549.892,550.128,550.164
701,137709,550.836,137661,137670,137757,137766,550.644,550.68,551.028,551.064
702,137919,551.676,137880,137887,137941,137949,551.52,551.548,551.764,551.796
703,138133,552.532,138095,138103,138169,138178,552.38,552.412,552.676,552.712
704,138339,553.356,138300,138311,138365,138374,553.2,553.244,553.46,553.496
705,138536,554.144,138482,138495,138565,138577,553.928,553.98,554.26,554.308
706,138736,554.944,138685,138693,138765,138770,554.74,554.772,555.06,555.08
707,138934,555.736,138879,138894,138965,138975,555.516,555.576,555.86,555.9
708,139084,556.336,139032,139054,139107,139111,556.128,556.216,556.428,556.444
709,139319,557.276,139269,139278,139369,139374,557.076,557.112,557.476,557.496
710,139524,558.096,139486,139494,139537,139545,557.944,557.976,558.148,558.18
711,139733,558.932,139695,139704,139761,139770,558.78,558.816,559.044,559.08
712,139938,559.752,139882,139899,139982,139986,559.528,559.596,559.928,559.944
713,140129,560.516,140082,140092,140153,140158,560.328,560.368,560.612,560.632
714,140317,561.268,140268,140278,140332,140347,561.072,561.112,561.328,561.388
715,140520,562.08,140478,140488,140549,140557,561.912,561.952,562.196,562.228
716,140716,562.864,140677,140686,140741,140749,562.708,562.744,562.964,562.996
717,140922,563.688,140883,140894,140945,140952,563.532,563.576,563.78,563.808
718,141129,564.516,141070,141083,141216,141224,564.28,564.332,564.864,564.896
719,141331,565.324,141274,141291,141345,141357,565.096,565.164,565.38,565.428
720,141538,566.152,141501,141511,141559,141566,566.004,566.044,566.236,566.264
721,141737,566.948,141683,141699,141753,141762,566.732,566.796,567.012,567.048
722,141930,567.72,141886,141894,141945,141950,567.544,567.576,567.78,567.8
723,142123,568.492,142067,142084,142154,142162,568.268,568.336,568.616,568.648
724,142336,569.344,142296,142305,142361,142365,569.184,569.22,569.444,569.46
725,142544,570.176,142503,142512,142566,142574,570.012,570.048,570.264,570.296
726,142748,570.992,142699,142708,142783,142791,570.796,570.832,571.132,571.164
727,142948,571.792,142891,142908,142978,142983,571.564,571.632,571.912,571.932
728,143144,572.576,143108,143116,143158,143166,572.432,572.464,572.632,572.664
729,143340,573.36,143282,143301,143362,143371,573.128,573.204,573.448,573.484
730,143541,574.164,143489,143504,143562,143570,573.956,574.016,574.248,574.28
731,143740,574.96,143691,143700,143761,143766,574.764,574.8,575.044,575.064
732,143946,575.784,143905,143915,143962,143966,575.62,575.66,575.848,575.864
733,144159,576.636,144097,144113,144199,144213,576.388,576.452,576.796,576.852
734,144365,577.46,144308,144324,144383,144392,577.232,577.296,577.532,577.568
735,144558,578.232,144511,144517,144580,144591,578.044,578.068,578.32,578.364
736,144745,578.98,144699,144706,144766,144779,578.796,578.824,579.064,579.116
737,144932,579.728,144886,144896,144954,144962,579.544,579.584,579.816,579.848
738,145126,580.504,145079,145087,145157,145167,580.316,580.348,580.628,580.668
739,145326,581.304,145288,145296,145341,145345,581.152,581.184,581.364,581.38
740,145530,582.12,145494,145503,145550,145558,581.976,582.012,582.2,582.232
741,145730,582.92,145683,145688,145780,145787,582.732,582.752,583.12,583.148
742,145933,583.732,145893,145903,145946,145953,583.572,583.612,583.784,583.812
743,146129,584.516,146082,146091,146154,146158,584.328,584.364,584.616,584.632
744,146315,585.26,146278,146288,146350,146359,585.112,585.152,585.4,585.436
745,146501,586.004,146445,146465,146546,146556,585.78,585.86,586.184,586.224
746,146701,586.804,146645,146662,146724,146729,586.58,586.648,586.896,586.916
747,146897,587.588,146859,146869,146930,146934,587.436,587.476,587.72,587.736
748,147101,588.404,147063,147074,147146,147150,588.252,588.296,588.584,588.6
749,147304,589.216,147262,147274,147337,147342,589.048,589.096,589.348,589.368
750,147504,590.016,147464,147477,147522,147533,589.856,589.908,590.088,590.132
751,147693,590.772,147652,147664,147709,147718,590.608,590.656,590.836,590.872
752,147887,591.548,147848,147856,147905,147909,591.392,591.424,591.62,591.636
753,148087,592.348,148030,148047,148167,148180,592.12,592.188,592.668,592.72
754,148285,593.14,148247,148256,148321,148329,592.988,593.024,593.284,593.316
755,148487,593.948,148450,148460,148509,148517,593.8,593.84,594.036,594.068
756,148701,594.804,148662,148672,148747,148756,594.648,594.688,594.988,595.024
757,148916,595.664,148867,148876,148929,148934,595.468,595.504,595.716,595.736
758,149107,596.428,149066,149077,149134,149138,596.264,596.308,596.536,596.552
759,149300,597.2,149259,149268,149321,149330,597.036,597.072,597.284,597.32
760,149502,598.008,149461,149471,149541,149547,597.844,597.884,598.164,598.188
761,149706,598.824,149671,149679,,,598.684,598.716,,
762,149905,599.62,149864,149874,149922,149926,599.456,599.496,599.688,599.704
763,150113,600.452,150075,150084,150130,150134,600.3,600.336,600.52,600.536
764,150329,601.316,150289,150298,150355,150359,601.156,601.192,601.42,601.436
765,150527,602.108,150489,150497,150546,150552,601.956,601.988,602.184,602.208
766,150727,602.908,150688,150698,150755,150760,602.752,602.792,603.02,603.04
767,150924,603.696,150875,150885,150968,150979,603.5,603.54,603.872,603.916
768,151127,604.508,151088,151100,151168,151176,604.352,604.4,604.672,604.704
769,151326,605.304,151285,151296,151355,151360,605.14,605.184,605.42,605.44
770,151534,606.136,151493,151504,151559,151568,605.972,606.016,606.236,606.272
771,151746,606.984,151697,151705,151765,151772,606.788,606.82,607.06,607.088
772,151952,607.808,151913,151923,151998,152002,607.652,607.692,607.992,608.008
773,152138,608.552,152101,152111,152177,152185,608.404,608.444,608.708,608.74
774,152331,609.324,152293,152303,152369,152376,609.172,609.212,609.476,609.504
775,152529,610.116,152492,152502,152560,152565,609.968,610.008,610.24,610.26
776,152730,610.92,152689,152699,152769,152773,610.756,610.796,611.076,611.092
777,152920,611.68,152880,152890,152960,152965,611.52,611.56,611.84,611.86
778,153127,612.508,153085,153096,153153,153162,612.34,612.384,612.612,612.648
779,153338,613.352,153285,153297,153353,153360,613.14,613.188,613.412,613.44
780,153541,614.164,153502,153513,153569,153573,614.008,614.052,614.276,614.292
781,153720,614.88,153684,153693,153756,153760,614.736,614.772,615.024,615.04
782,153912,615.648,153856,153876,153956,153964,615.424,615.504,615.824,615.856
783,154113,616.452,154056,154073,154128,154134,616.224,616.292,616.512,616.536
784,154325,617.3,154286,154294,154415,154423,617.144,617.176,617.66,617.692
785,154522,618.088,154478,154489,154561,154569,617.912,617.956,618.244,618.276
786,154722,618.888,154681,154691,154740,154748,618.724,618.764,618.96,618.992
787,154933,619.732,154890,154903,154953,154957,619.56,619.612,619.812,619.828
788,155135,620.54,155080,155095,155178,155198,620.32,620.38,620.712,620.792
789,155316,621.264,155278,155289,155356,155364,621.112,621.156,621.424,621.456
790,155503,622.012,155465,155474,155532,155536,621.86,621.896,622.128,622.144
791,155702,622.808,155664,155674,155716,155723,622.656,622.696,622.864,622.892
792,155913,623.652,155871,155882,155945,155953,623.484,623.528,623.78,623.812
793,156109,624.436,156069,156079,156153,156160,624.276,624.316,624.612,624.64
794,156310,625.24,156268,156278,156327,156332,625.072,625.112,625.308,625.328
795,156511,626.044,156457,156469,156524,156532,625.828,625.876,626.096,626.128
796,156709,626.836,156669,156678,156728,156736,626.676,626.712,626.912,626.944
797,156861,627.444,156816,156833,156895,156903,627.264,627.332,627.58,627.612
798,157086,628.344,157032,157049,157119,157128,628.128,628.196,628.476,628.512
799,157291,629.164,157240,157248,157303,157312,628.96,628.992,629.212,629.248
800,157503,630.012,157465,157474,157523,157528,629.86,629.896,630.092,630.112
801,157714,630.856,157675,157686,157740,157749,630.7,630.744,630.96,630.996
802,157922,631.688,157885,157895,157962,157970,631.54,631.58,631.848,631.88
803,158114,632.456,158070,158075,,,632.28,632.3,,
804,158304,633.216,158251,158266,158332,158340,633.004,633.064,633.328,633.36
805,158500,634.0,158445,158461,158528,158532,633.78,633.844,634.112,634.128
806,158702,634.808,158645,158662,158725,158735,634.58,634.648,634.9,634.94
807,158905,635.62,158862,158867,158920,158929,635.448,635.468,635.68,635.716
808,159105,636.42,159049,159062,159137,159141,636.196,636.248,636.548,636.564
809,159312,637.248,159265,159274,159400,159403,637.06,637.096,637.6,637.612
810,159512,638.048,159457,159474,159541,159553,637.828,637.896,638.164,638.212
811,159703,638.812,159662,159666,,,638.648,638.664,,
812,159897,639.588,159841,159858,159962,159987,639.364,639.432,639.848,639.948
813,160086,640.344,160040,160048,160149,160170,640.16,640.192,640.596,640.68
814,160288,641.152,160249,160257,160332,160341,640.996,641.028,641.328,641.364
815,160491,641.964,160450,160453,160541,160545,641.8,641.812,642.164,642.18
816,160700,642.8,160661,160671,160741,160749,642.644,642.684,642.964,642.996
817,160899,643.596,160861,160869,160920,160926,643.444,643.476,643.68,643.704
818,161099,644.396,161049,161058,161112,161120,644.196,644.232,644.448,644.48
819,161289,645.156,161232,161249,161333,161342,644.928,644.996,645.332,645.368
820,161488,645.952,161437,161446,161529,161538,645.748,645.784,646.116,646.152
821,161685,646.74,161646,161654,161703,161712,646.584,646.616,646.812,646.848
822,161886,647.544,161837,161845,161904,161912,647.348,647.38,647.616,647.648
823,162093,648.372,162050,162054,162108,162117,648.2,648.216,648.432,648.468
824,162302,649.208,162264,162271,162321,162329,649.056,649.084,649.284,649.316
825,162503,650.012,162449,162465,162550,162559,649.796,649.86,650.2,650.236
826,162700,650.8,162663,162672,162733,162741,650.652,650.688,650.932,650.964
827,162894,651.576,162850,162855,162921,162928,651.4,651.42,651.684,651.712
828,163090,652.36,163046,163052,163134,163142,652.184,652.208,652.536,652.568
829,163297,653.188,163257,163267,163329,163334,653.028,653.068,653.316,653.336
830,163506,654.024,163457,163465,163534,163542,653.828,653.86,654.136,654.168
831,163709,654.836,163671,163679,163742,163750,654.684,654.716,654.968,655.0
832,163917,655.668,163876,163886,163933,163941,655.504,655.544,655.732,655.764
833,164120,656.48,164062,164081,164154,164162,656.248,656.324,656.616,656.648
834,164313,657.252,164270,164275,164351,164358,657.08,657.1,657.404,657.432
835,164503,658.012,164450,164464,164525,164529,657.8,657.856,658.1,658.116
836,164703,658.812,164666,164676,164717,164725,658.664,658.704,658.868,658.9
837,164911,659.644,164871,164880,164946,164955,659.484,659.52,659.784,659.82
838,165125,660.5,165084,165096,165146,165152,660.336,660.384,660.584,660.608
839,165331,661.324,165293,165300,165370,165379,661.172,661.2,661.48,661.516
840,165530,662.12,165492,165500,165575,165584,661.968,662.0,662.3,662.336
841,165736,662.944,165697,165705,165755,165763,662.788,662.82,663.02,663.052
842,165937,663.748,165884,165897,165959,165967,663.536,663.588,663.836,663.868
843,166134,664.536,166099,166106,166152,166156,664.396,664.424,664.608,664.624
844,166340,665.36,166283,166297,166372,166383,665.132,665.188,665.488,665.532
845,166555,666.22,166517,166526,166597,166605,666.068,666.104,666.388,666.42
846,166767,667.068,166728,166737,166780,166788,666.912,666.948,667.12,667.152
847,166972,667.888,166922,166936,166991,167001,667.688,667.744,667.964,668.004
848,167169,668.676,167114,167130,167201,167208,668.456,668.52,668.804,668.832
849,167363,669.452,167309,167325,167409,167417,669.236,669.3,669.636,669.668
850,167564,670.256,167508,167526,167613,167617,670.032,670.104,670.452,670.468
851,167764,671.056,167722,167726,167810,167819,670.888,670.904,671.24,671.276
852,167970,671.88,167933,167942,167984,167993,671.732,671.768,671.936,671.972
853,168178,672.712,168117,168139,168193,168201,672.468,672.556,672.772,672.804
854,168384,673.536,168327,168347,168430,168435,673.308,673.388,673.72,673.74
855,168581,674.324,168533,168543,168668,168676,674.132,674.172,674.672,674.704
856,168780,675.12,168726,168742,168805,168814,674.904,674.968,675.22,675.256
857,168971,675.884,168914,168931,169001,169010,675.656,675.724,676.004,676.04
858,169167,676.668,169117,169130,169181,169188,676.468,676.52,676.724,676.752
859,169372,677.488,169327,169334,169394,169401,677.308,677.336,677.576,677.604
860,169584,678.336,169525,169540,169609,169614,678.1,678.16,678.436,678.456
861,169789,679.156,169741,169748,169814,169823,678.964,678.992,679.256,679.292
862,169992,679.968,169943,169953,170005,170014,679.772,679.812,680.02,680.056
863,170186,680.744,170139,170147,170218,170227,680.556,680.588,680.872,680.908
864,170383,681.532,170346,170356,170414,170422,681.384,681.424,681.656,681.688
865,170587,682.348,170538,170547,170617,170623,682.152,682.188,682.468,682.492
866,170787,683.148,170751,170760,170802,170810,683.004,683.04,683.208,683.24
867,170927,683.708,170859,170882,170956,170960,683.436,683.528,683.824,683.84
868,171183,684.732,171143,171152,171217,171226,684.572,684.608,684.868,684.904
869,171393,685.572,171343,171352,171410,171415,685.372,685.408,685.64,685.66
870,171593,686.372,171542,171556,171606,171614,686.168,686.224,686.424,686.456
871,171783,687.132,171738,171743,171827,171835,686.952,686.972,687.308,687.34
872,171981,687.924,171945,171953,171998,172006,687.78,687.812,687.992,688.024
873,172179,688.716,172134,172140,172202,172209,688.536,688.56,688.808,688.836
874,172386,689.544,172348,172356,172475,172481,689.392,689.424,689.9,689.924
875,172590,690.36,172548,172552,172673,172677,690.192,690.208,690.692,690.708
876,172793,691.172,172743,172752,172819,172823,690.972,691.008,691.276,691.292
877,173001,692.004,172962,172972,173019,173027,691.848,691.888,692.076,692.108
878,173193,692.772,173135,173156,173215,173219,692.54,692.624,692.86,692.876
879,173386,693.544,173339,173348,173407,173414,693.356,693.392,693.628,693.656
880,173585,694.34,173531,173548,173615,173623,694.124,694.192,694.46,694.492
881,173786,695.144,173732,173747,173818,173823,694.928,694.988,695.272,695.292
882,173998,695.992,173960,173967,174035,174040,695.84,695.868,696.14,696.16
883,174208,696.832,174160,174169,174225,174236,696.64,696.676,696.9,696.944
884,174417,697.668,174377,174388,174461,174469,697.508,697.552,697.844,697.876
885,174615,698.46,174573,174577,174636,174644,698.292,698.308,698.544,698.576
886,174814,699.256,174761,174777,174828,174840,699.044,699.108,699.312,699.36
887,175010,700.04,174973,174983,175023,175032,699.892,699.932,700.092,700.128
888,175214,700.856,175174,175183,175240,175248,700.696,700.732,700.96,700.992
889,175420,701.68,175369,175378,175436,175444,701.476,701.512,701.744,701.776
890,175625,702.5,175569,175584,175648,175653,702.276,702.336,702.592,702.612
891,175835,703.34,175778,175791,175857,175865,703.112,703.164,703.428,703.46
892,176039,704.156,175993,176002,176061,176074,703.972,704.008,704.244,704.296
893,176235,704.94,176181,176198,176256,176261,704.724,704.792,705.024,705.044
894,176426,705.704,176374,176389,176449,176457,705.496,705.556,705.796,705.828
895,176627,706.508,176589,176598,176657,176661,706.356,706.392,706.628,706.644
896,176830,707.32,176770,176790,176866,176874,707.08,707.16,707.464,707.496
897,177035,708.14,176987,176994,177063,177073,707.948,707.976,708.252,708.292
898,177239,708.956,177189,177198,177255,177262,708.756,708.792,709.02,709.048
899,177441,709.764,177394,177403,177465,177474,709.576,709.612,709.86,709.896
900,177642,710.568,177586,177603,177665,177669,710.344,710.412,710.66,710.676
901,177839,711.356,177800,177811,177861,177865,711.2,711.244,711.444,711.46
902,178027,712.108,177980,177987,178057,178065,711.92,711.948,712.228,712.26
903,178228,712.912,178189,178200,178254,178258,712.756,712.8,713.016,713.032
904,178438,713.752,178399,178407,178458,178466,713.596,713.628,713.832,713.864
905,178647,714.588,178607,178616,178665,178670,714.428,714.464,714.66,714.68
906,178851,715.404,178811,178820,178870,178878,715.244,715.28,715.48,715.512
907,179048,716.192,178995,179008,179078,179087,715.98,716.032,716.312,716.348
908,179245,716.98,179210,179219,179278,179282,716.84,716.876,717.112,717.128
909,179442,717.768,179395,179403,179462,179470,717.58,717.612,717.848,717.88
910,179639,718.556,179586,179599,179679,179683,718.344,718.396,718.716,718.732
911,179845,719.38,179808,179819,179866,179875,719.232,719.276,719.464,719.5
912,180053,720.212,179995,180011,180082,180091,719.98,720.044,720.328,720.364
913,180264,721.056,180204,180225,180287,180294,720.816,720.9,721.148,721.176
914,180466,721.864,180428,180435,180507,180516,721.712,721.74,722.028,722.064
915,180661,722.644,180625,180636,180703,180708,722.5,722.544,722.812,722.832
916,180855,723.42,180808,180816,180879,180891,723.232,723.264,723.516,723.564
917,181052,724.208,180999,181015,181132,181141,723.996,724.06,724.528,724.564
918,181254,725.016,181212,181216,181274,181279,724.848,724.864,725.096,725.116
919,181466,725.864,181428,181439,181487,181495,725.712,725.756,725.948,725.98
920,181678,726.712,181640,181649,181695,181702,726.56,726.596,726.78,726.808
921,181881,727.524,181832,181841,181900,181904,727.328,727.364,727.6,727.616
922,182084,728.336,182025,182041,182129,182137,728.1,728.164,728.516,728.548
923,182286,729.144,182248,182257,182307,182316,728.992,729.028,729.228,729.264
924,182478,729.912,182440,182449,182504,182511,729.76,729.796,730.016,730.044
925,182673,730.692,182624,182634,182688,182700,730.496,730.536,730.752,730.8
926,182876,731.504,182824,182833,182925,182933,731.296,731.332,731.7,731.732
927,183088,732.352,183050,183059,183175,183183,732.2,732.236,732.7,732.732
928,183293,733.172,183255,183263,183312,183321,733.02,733.052,733.248,733.284
929,183493,733.972,183441,183456,183508,183513,733.764,733.824,734.032,734.052
930,183682,734.728,183629,183642,183708,183716,734.516,734.568,734.832,734.864
931,183884,735.536,183828,183842,183923,183929,735.312,735.368,735.692,735.716
932,184080,736.32,184021,184039,184117,184129,736.084,736.156,736.468,736.516
933,184275,737.1,184236,184245,184300,184307,736.944,736.98,737.2,737.228
934,184478,737.912,184428,184440,184503,184508,737.712,737.76,738.012,738.032
935,184689,738.756,184650,184658,184725,184733,738.6,738.632,738.9,738.932
936,184892,739.568,184853,184862,184916,184929,739.412,739.448,739.664,739.716
937,185089,740.356,185034,185053,185120,185129,740.136,740.212,740.48,740.516
938,185282,741.128,185230,185246,185317,185325,740.92,740.984,741.268,741.3
939,185475,741.9,185417,185437,185554,185563,741.668,741.748,742.216,742.252
940,185678,742.712,185640,185649,185709,185716,742.56,742.596,742.836,742.864
941,185879,743.516,185822,185837,185904,185908,743.288,743.348,743.616,743.632
942,186080,744.32,186024,186038,186117,186126,744.096,744.152,744.468,744.504
943,186287,745.148,186249,186258,186300,186309,744.996,745.032,745.2,745.236
944,186489,745.956,186441,186447,186521,186525,745.764,745.788,746.084,746.1
945,186681,746.724,186643,186657,186705,186717,746.572,746.628,746.82,746.868
946,186876,747.504,186841,186850,186892,186896,747.364,747.4,747.568,747.584
947,187071,748.284,187024,187033,187092,187100,748.096,748.132,748.368,748.4
948,187273,749.092,187234,187243,187300,187304,748.936,748.972,749.2,749.216
949,187481,749.924,187441,187448,187509,187517,749.764,749.792,750.036,750.068
950,187690,750.76,187650,187658,187712,187721,750.6,750.632,750.848,750.884
951,187893,751.572,187854,187862,187920,187930,751.416,751.448,751.68,751.72
952,188051,752.204,188008,188021,188072,188075,752.032,752.084,752.288,752.3
953,188278,753.112,188233,188242,188312,188322,752.932,752.968,753.248,753.288
954,188475,753.9,188425,188434,188505,188509,753.7,753.736,754.02,754.036
955,188623,754.492,188579,188596,188650,188654,754.316,754.384,754.6,754.616
956,188863,755.452,188813,188824,188884,188892,755.252,755.296,755.536,755.568
957,189070,756.28,189025,189029,189088,189097,756.1,756.116,756.352,756.388
958,189283,757.132,189226,189243,189322,189333,756.904,756.972,757.288,757.332
959,189488,757.952,189451,189460,189517,189522,757.804,757.84,758.068,758.088
960,189680,758.72,189633,189642,189705,189716,758.532,758.568,758.82,758.864
961,189872,759.488,189830,189835,189893,189901,759.32,759.34,759.572,759.604
962,190064,760.256,190022,190026,190084,190088,760.088,760.104,760.336,760.352
963,190269,761.076,190230,190242,190300,190305,760.92,760.968,761.2,761.22
964,190480,761.92,190442,190451,190496,190501,761.768,761.804,761.984,762.004
965,190686,762.744,190638,190646,190721,190729,762.552,762.584,762.884,762.916
966,190887,763.548,190845,190851,190934,190943,763.38,763.404,763.736,763.772
967,191097,764.388,191059,191068,191142,191147,764.236,764.272,764.568,764.588
968,191292,765.168,191238,191254,191322,191327,764.952,765.016,765.288,765.308
969,191484,765.936,191443,191450,191531,191542,765.772,765.8,766.124,766.168
970,191683,766.732,191637,191643,191722,191730,766.548,766.572,766.888,766.92
971,191891,767.564,191851,191864,191927,191934,767.404,767.456,767.708,767.736
972,192102,768.408,192063,192071,192117,192127,768.252,768.284,768.468,768.508
973,192311,769.244,192274,192285,192327,192334,769.096,769.14,769.308,769.336
974,192508,770.032,192467,192471,192552,192559,769.868,769.884,770.208,770.236
975,192707,770.828,192658,192669,192759,192767,770.632,770.676,771.036,771.068
976,192911,771.644,192872,192884,192935,192942,771.488,771.536,771.74,771.768
977,193108,772.432,193071,193079,193147,193155,772.284,772.316,772.588,772.62
978,193304,773.216,193255,193268,193325,193330,773.02,773.072,773.3,773.32
979,193518,774.072,193477,193486,193539,193547,773.908,773.944,774.156,774.188
980,193726,774.904,193688,193697,,,774.752,774.788,,
981,193937,775.748,193897,193906,193951,193955,775.588,775.624,775.804,775.82
982,194134,776.536,194093,194100,194180,194188,776.372,776.4,776.72,776.752
983,194329,777.316,194275,194290,194360,194367,777.1,777.16,777.44,777.468
984,194525,778.1,194471,194485,194555,194560,777.884,777.94,778.22,778.24
985,194732,778.928,194695,194705,194752,194759,778.78,778.82,779.008,779.036
986,194937,779.748,194883,194893,194952,194960,779.532,779.572,779.808,779.84
987,195145,780.58,195089,195106,195172,195177,780.356,780.424,780.688,780.708
988,195353,781.412,195316,195325,195439,195443,781.264,781.3,781.756,781.772
989,195554,782.216,195516,195523,195569,195577,782.064,782.092,782.276,782.308
990,195751,783.004,195713,195722,195777,195781,782.852,782.888,783.108,783.124
991,195947,783.788,195894,195906,195968,195973,783.576,783.624,783.872,783.892
992,196144,784.576,196097,196105,196211,196236,784.388,784.42,784.844,784.944
993,196278,785.112,196210,196236,196314,196322,784.84,784.944,785.256,785.288
994,196535,786.14,196493,196497,196552,196561,785.972,785.988,786.208,786.244
995,196745,786.98,196697,196702,196826,196835,786.788,786.808,787.304,787.34
996,196951,787.804,196913,196926,196997,197002,787.652,787.704,787.988,788.008
997,197150,788.6,197094,197110,197176,197181,788.376,788.44,788.704,788.724
998,197340,789.36,197303,197310,197355,197360,789.212,789.24,789.42,789.44
999,197540,790.16,197502,197514,197559,197565,790.008,790.056,790.236,790.26
1000,197743,790.972,197706,197714,197821,197839,790.824,790.856,791.284,791.356
1001,197881,791.524,197818,197839,197918,197927,791.272,791.356,791.672,791.708
1002,198134,792.536,198090,198094,198151,198156,792.36,792.376,792.604,792.624
1003,198346,793.384,198301,198307,198390,198393,793.204,793.228,793.56,793.572
1004,198554,794.216,198518,198527,198618,198639,794.072,794.108,794.472,794.556
1005,198750,795.0,198712,198721,198786,198793,794.848,794.884,795.144,795.172
1006,198945,795.78,198909,198915,198977,198981,795.636,795.66,795.908,795.924
1007,199142,796.568,199103,199112,199186,199194,796.412,796.448,796.744,796.776
1008,199352,797.408,199314,199323,,,797.256,797.292,,
1009,199562,798.248,199502,199522,199615,199619,798.008,798.088,798.46,798.476
1010,199767,799.068,199728,199740,199782,199789,798.912,798.96,799.128,799.156
1011,199970,799.88,199913,199931,200014,200020,799.652,799.724,800.056,800.08
1012,200176,800.704,200131,200136,200198,200202,800.524,800.544,800.792,800.808
1013,200375,801.5,200337,200347,200398,200406,801.348,801.388,801.592,801.624
1014,200571,802.284,200515,200529,200611,200619,802.06,802.116,802.444,802.476
1015,200773,803.092,200735,200743,200787,200795,802.94,802.972,803.148,803.18
1016,200987,803.948,200935,200944,201023,201027,803.74,803.776,804.092,804.108
1017,201203,804.812,201164,201173,201290,201298,804.656,804.692,805.16,805.192
1018,201410,805.64,201362,201369,201448,201456,805.448,805.476,805.792,805.824
1019,201609,806.436,201557,201569,,,806.228,806.276,,
1020,201815,807.26,201758,201773,201836,201841,807.032,807.092,807.344,807.364
1021,202020,808.08,201966,201981,202062,202069,807.864,807.924,808.248,808.276
1022,202226,808.904,202189,202196,202257,202261,808.756,808.784,809.028,809.044
1023,202377,809.508,202332,202338,202462,202469,809.328,809.352,809.848,809.876
1024,202633,810.532,202578,202591,202662,202670,810.312,810.364,810.648,810.68
1025,202850,811.4,202811,202819,202891,202899,811.244,811.276,811.564,811.596
1026,203059,812.236,203015,203024,203088,203099,812.06,812.096,812.352,812.396
1027,203255,813.02,203207,203218,203320,203341,812.828,812.872,813.28,813.364
1028,203455,813.82,203418,203428,203503,203507,813.672,813.712,814.012,814.028
1029,203662,814.648,203623,203632,203686,203691,814.492,814.528,814.744,814.764
1030,203822,815.288,203782,203792,203858,203866,815.128,815.168,815.432,815.464
1031,204069,816.276,204020,204032,,,816.08,816.128,,
1032,204279,817.116,204241,204250,,,816.964,817.0,,
1033,204484,817.936,204447,204457,204529,204533,817.788,817.828,818.116,818.132
1034,204686,818.744,204632,204648,204712,204720,818.528,818.592,818.848,818.88
1035,204879,819.516,204832,204841,204915,204921,819.328,819.364,819.66,819.684
1036,205074,820.296,205024,205037,205108,205112,820.096,820.148,820.432,820.448
1037,205277,821.108,205226,205237,205320,205324,820.904,820.948,821.28,821.296
1038,205489,821.956,205450,205458,205525,205533,821.8,821.832,822.1,822.132
1039,205695,822.78,205657,205665,205716,205724,822.628,822.66,822.864,822.896
1040,205900,823.6,205861,205868,205916,205929,823.444,823.472,823.664,823.716
1041,206097,824.388,206049,206057,206130,206141,824.196,824.228,824.52,824.564
1042,206294,825.176,206241,206257,206325,206329,824.964,825.028,825.3,825.316
1043,206491,825.964,206437,206450,206507,206517,825.748,825.8,826.028,826.068
1044,206691,826.764,206642,206651,206704,206709,826.568,826.604,826.816,826.836
1045,206901,827.604,206849,206862,206929,206934,827.396,827.448,827.716,827.736
1046,207112,828.448,207072,207080,207137,207146,828.288,828.32,828.548,828.584
1047,207325,829.3,207280,207285,207363,207367,829.12,829.14,829.452,829.468
1048,207526,830.104,207470,207487,207546,207555,829.88,829.948,830.184,830.22
1049,207726,830.904,207670,207688,207745,207754,830.68,830.752,830.98,831.016
1050,207921,831.684,207866,207880,207934,207942,831.464,831.52,831.736,831.768
1051,208121,832.484,208074,208083,208142,208154,832.296,832.332,832.568,832.616
1052,208328,833.312,208278,208284,208359,208370,833.112,833.136,833.436,833.48
1053,208542,834.168,208504,208516,208580,208583,834.016,834.064,834.32,834.332
1054,208753,835.012,208716,208725,208776,208788,834.864,834.9,835.104,835.152
1055,208958,835.832,208909,208921,208984,208993,835.636,835.684,835.936,835.972
1056,209159,836.636,209100,209122,209201,209209,836.4,836.488,836.804,836.836
1057,209359,837.436,209322,209331,209384,209391,837.288,837.324,837.536,837.564
1058,209554,838.216,209508,209516,209580,209589,838.032,838.064,838.32,838.356
1059,209757,839.028,209718,209729,209772,209784,838.872,838.916,839.088,839.136
1060,209961,839.844,209909,209918,209981,209988,839.636,839.672,839.924,839.952
1061,210175,840.7,210121,210131,210201,210209,840.484,840.524,840.804,840.836
1062,210384,841.536,210346,210355,210405,210409,841.384,841.42,841.62,841.636
1063,210585,842.34,210538,210547,210597,210605,842.152,842.188,842.388,842.42
1064,210729,842.916,210687,210697,210751,210764,842.748,842.788,843.004,843.056
1065,210970,843.88,210925,210935,210989,210997,843.7,843.74,843.956,843.988
1066,211176,844.704,211139,211150,211189,211197,844.556,844.6,844.756,844.788
1067,211380,845.52,211342,211351,211401,211410,845.368,845.404,845.604,845.64
1068,211588,846.352,211546,211550,211605,211614,846.184,846.2,846.42,846.456
1069,211798,847.192,211759,211769,211847,211857,847.036,847.076,847.388,847.428
1070,212005,848.02,211967,211974,212034,212039,847.868,847.896,848.136,848.156
1071,212202,848.808,212164,212172,212217,212222,848.656,848.688,848.868,848.888
1072,212392,849.568,212347,212357,212405,212412,849.388,849.428,849.62,849.648
1073,212592,850.368,212535,212552,212622,212626,850.14,850.208,850.488,850.504
1074,212802,851.208,212763,212771,212847,212852,851.052,851.084,851.388,851.408
1075,213011,852.044,212963,212972,213039,213043,851.852,851.888,852.156,852.172
1076,213172,852.688,213127,213139,213218,213222,852.508,852.556,852.872,852.888
1077,213419,853.676,213381,213392,213443,213451,853.524,853.568,853.772,853.804
1078,213622,854.488,213567,213585,213672,213681,854.268,854.34,854.688,854.724
1079,213821,855.284,213784,213793,213851,213856,855.136,855.172,855.404,855.424
1080,214014,856.056,213967,213977,214056,214064,855.868,855.908,856.224,856.256
1081,214211,856.844,214172,214176,214231,214235,856.688,856.704,856.924,856.94
1082,214421,857.684,214377,214381,214439,214443,857.508,857.524,857.756,857.772
1083,214635,858.54,214585,214597,214655,214664,858.34,858.388,858.62,858.656
1084,214841,859.364,214792,214804,214861,214869,859.168,859.216,859.444,859.476
1085,215040,860.16,214981,215001,215073,215082,859.924,860.004,860.292,860.328
1086,215242,860.968,215206,215214,215273,215281,860.824,860.856,861.092,861.124
1087,215439,861.756,215383,215398,215464,215473,861.532,861.592,861.856,861.892
1088,215639,862.556,215602,215614,215665,215671,862.408,862.456,862.66,862.684
1089,215843,863.372,215782,215802,215873,215877,863.128,863.208,863.492,863.508
1090,216052,864.208,216012,216023,216081,216085,864.048,864.092,864.324,864.34
1091,216264,865.056,216223,216237,216298,216310,864.892,864.948,865.192,865.24
1092,216471,865.884,216422,216431,216486,216490,865.688,865.724,865.944,865.96
1093,216665,866.66,216618,216627,216706,216715,866.472,866.508,866.824,866.86
1094,216862,867.448,216823,216835,216894,216902,867.292,867.34,867.576,867.608
1095,217059,868.236,217002,217020,217078,217094,868.008,868.08,868.312,868.376
1096,217256,869.024,217203,217218,217277,217285,868.812,868.872,869.108,869.14
1097,217472,869.888,217414,217428,217485,217493,869.656,869.712,869.94,869.972
1098,217683,870.732,217645,217653,217728,217731,870.58,870.612,870.912,870.924
1099,217888,871.552,217832,217848,217906,217915,871.328,871.392,871.624,871.66
1100,218095,872.38,218044,218053,218128,218132,872.176,872.212,872.512,872.528
1101,218290,873.16,218243,218252,218315,218323,872.972,873.008,873.26,873.292
1102,218486,873.944,218432,218449,218524,218540,873.728,873.796,874.096,874.16
1103,218683,874.732,218635,218645,218707,218711,874.54,874.58,874.828,874.844
1104,218891,875.564,218844,218855,218915,218923,875.376,875.42,875.66,875.692
1105,219102,876.408,219050,219063,219123,219130,876.2,876.252,876.492,876.52
1106,219312,877.248,219261,219273,219332,219340,877.044,877.092,877.328,877.36
1107,219519,878.076,219484,219494,219537,219548,877.936,877.976,878.148,878.192
1108,219714,878.856,219678,219686,219727,219733,878.712,878.744,878.908,878.932
1109,219914,879.656,219857,219874,219936,219940,879.428,879.496,879.744,879.76
1110,220114,880.456,220065,220077,220132,220137,880.26,880.308,880.528,880.548
1111,220318,881.272,220280,220290,220345,220349,881.12,881.16,881.38,881.396
1112,220529,882.116,220489,220499,220549,220557,881.956,881.996,882.196,882.228
1113,220740,882.96,220699,220708,220782,220791,882.796,882.832,883.128,883.164
1114,220946,883.784,220898,220908,220965,220969,883.592,883.632,883.86,883.876
1115,221153,884.612,221107,221117,221182,221186,884.428,884.468,884.728,884.744
1116,221348,885.392,221295,221311,221432,221436,885.18,885.244,885.728,885.744
1117,221548,886.192,221498,221512,221570,221578,885.992,886.048,886.28,886.312
1118,221757,887.028,221699,221712,221799,221804,886.796,886.848,887.196,887.216
1119,221970,887.88,221929,221939,221991,221999,887.716,887.756,887.964,887.996
1120,222179,888.716,222139,222147,222219,222224,888.556,888.588,888.876,888.896
1121,222391,889.564,222352,222361,222433,222440,889.408,889.444,889.732,889.76
1122,222588,890.352,222539,222546,222604,222608,890.156,890.184,890.416,890.432
1123,222790,891.16,222753,222761,222816,222823,891.012,891.044,891.264,891.292
1124,222988,891.952,222935,222950,223037,223042,891.74,891.8,892.148,892.168
1125,223186,892.744,223140,223149,223200,223208,892.56,892.596,892.8,892.832
1126,223393,893.572,223336,223354,223413,223420,893.344,893.416,893.652,893.68
1127,223612,894.448,223575,223583,223628,223637,894.3,894.332,894.512,894.548
1128,223818,895.272,223770,223779,223899,223908,895.08,895.116,895.596,895.632
1129,224021,896.084,223966,223979,224037,224045,895.864,895.916,896.148,896.18
1130,224217,896.868,224166,224180,,,896.664,896.72,,
1131,224418,897.672,224380,224388,224500,224508,897.52,897.552,898.0,898.032
1132,224619,898.476,224580,224588,224671,224674,898.32,898.352,898.684,898.696
1133,224821,899.284,224763,224780,224912,224917,899.052,899.12,899.648,899.668
